Name,ROI,Band1,Band2,Band3,Band4
Ester,true,3.05193315813182,2.87389800915506,2.77435068587671,2.68840743121996
Siem,true,11.9760601863497,11.7241982821293,11.2484152143644,11.1601422526031
