Name,ROI,Band1,Band2,Band3,Band4
Ester,FALSE,5.473759723,5.258693003,5.383555411,5.100667375
Siem,FALSE,19.00803589,17.97002917,18.55042803,17.70491419
Ester,TRUE,6.847964443,6.494416008,6.712492952,5.994593845
Siem,TRUE,20.11190077,19.24259947,19.38496346,18.37420632
