Name,ROI,Band1,Band2,Band3,Band4
Ester,true,5.67765067389782,5.4123519448738,5.45107934405008,4.85824207317603
Siem,true,19.4621758599958,18.7100057451682,18.5709768674311,17.5955716043338
Ester,false,5.4737597233301,5.25869300317131,5.38355541069521,5.10066737514433
Siem,false,19.0080358930232,17.970029166804,18.5504280300378,17.7049141926851
