Name,ROI,isNormalized,Band1,Band2,Band3,Band4
Patiant,true,false,5.01473474655676,1.9234116727153,3.19970545522779,3.83268894221722
